-- ---
-- MODULE 1: ЗАПОВНЕННЯ ДОВІДНИКІВ
-- ---

-- 1. Регіони
INSERT INTO Regions (region_id, region_name) VALUES
(1, 'Київський'),
(2, 'Львівський'),
(3, 'Одеський'),
(4, 'Харківський'),
(5, 'Дніпровський'),
(6, 'Запорізький'),
(7, 'Полтавський'),
(8, 'Черкаський'),
(9, 'Вінницький');

-- 2. Підстанції (посилаються на Regions)
INSERT INTO Substations (substation_id, substation_name, location, capacity_mw, region_id, latitude, longitude) VALUES
(10, 'ПС Північна', 'Київ (вузол)', 750.00, 1, 50.450100, 30.523400),
(11, 'ПС Бровари', 'м. Бровари', 500.00, 1, 50.511740, 30.790130),
(12, 'ПС Західна', 'м. Львів', 500.00, 2, 49.839680, 24.029720),
(13, 'ПС Портова', 'м. Одеса', 330.00, 3, 46.482530, 30.723310),
(14, 'ПС Слобожанська', 'м. Харків', 1100.00, 4, 49.993500, 36.230380),
(15, 'ПС Центральна', 'м. Дніпро', 900.00, 5, 48.464720, 35.046180),
(16, 'ПС Дніпровська', 'м. Запоріжжя', 800.00, 6, 47.838800, 35.139570),
(17, 'ПС Полтавська', 'м. Полтава', 750.00, 7, 49.588300, 34.551400),
(18, 'ПС Азот', 'м. Черкаси', 600.00, 8, 49.444400, 32.059800),
(19, 'ПС Вінницька', 'м. Вінниця', 750.00, 9, 49.233100, 28.468200);


-- 3. Лінії електропередач (посилаються на Substations)
INSERT INTO PowerLines (line_id, line_name, max_load_mw, from_substation_id, to_substation_id) VALUES
(101, 'Київ-Бровари', 400.00, 10, 11),
(102, 'Київ-Львів (магістраль)', 700.00, 10, 12),
(103, 'Львів-Порт (резерв)', 300.00, 12, 13),
(104, 'Київ-Харків', 750.00, 10, 14),
(105, 'Харків-Дніпро', 500.00, 14, 15),
(106, 'Дніпро-Запоріжжя', 500.00, 15, 16),
(107, 'Київ-Черкаси', 500.00, 10, 18),
(108, 'Полтава-Харків', 750.00, 17, 14),
(109, 'Київ-Вінниця', 750.00, 10, 19),
(110, 'Вінниця-Львів', 750.00, 19, 12);


-- 4. Споживачі (посилаються на Substations)
INSERT INTO Consumers (consumer_name, consumer_type, substation_id) VALUES
('Завод "Маяк"', 'промисловий', 10),
('ЖК "Сонячний"', 'побутовий', 10),
('ТЦ "Глобус"', 'комерційний', 11),
('Львівський МетКомбінат', 'промисловий', 12),
('Харківський Тракторний Завод', 'промисловий', 14),
('ЖК "Панорама" (Дніпро)', 'побутовий', 15),
('Запоріжсталь', 'промисловий', 16),
('Полтавський ГЗК', 'промисловий', 17),
('Черкаський "Азот"', 'промисловий', 18),
('ЖК "Набережний" (Вінниця)', 'побутовий', 19);

-- 5. Генератори (посилаються на Substations)
INSERT INTO Generators (generator_id, generator_type, max_output_mw, substation_id) VALUES
(1, 'thermal', 600.00, 10), -- ТЕЦ на ПС Північна
(2, 'solar', 50.00, 12),    -- Сонячна станція на ПС Західна
(3, 'wind', 75.00, 13),     -- Вітрова станція на ПС Портова
(4, 'thermal', 1000.00, 14), -- ТЕЦ-5 (Харків)
(5, 'hydro', 350.00, 16),   -- ДніпроГЕС (Запоріжжя)
(6, 'thermal', 300.00, 17), -- Полтавська ТЕЦ
(7, 'thermal', 250.00, 18); -- Черкаська ТЕЦ

-- ---
-- MODULE 3: ЗАПОВНЕННЯ СТАТИЧНИХ ПОДІЙ
-- ---
INSERT INTO MaintenanceEvents (start_time, end_time, object_id, object_type, reason) VALUES
('2025-11-17 09:00:00', '2025-11-17 17:00:00', 11, 'Підстанція', 'Заміна трансформатора на ПС Бровари'),
('2025-11-18 00:00:00', '2025-11-18 06:00:00', 103, 'Лінія', 'Технічне обслуговування лінії "Львів-Порт"'),
('2025-11-20 09:00:00', '2025-11-20 17:00:00', 12, 'Підстанція', 'Планова перевірка ПС Західна');